{"stats":{"minecraft:crafted":{"minecraft:oak_planks":20},"minecraft:mined":{"minecraft:oak_log":5,"minecraft:grass_block":1,"minecraft:oak_leaves":8,"minecraft:dirt":1,"minecraft:lever":1},"minecraft:custom":{"minecraft:jump":239,"minecraft:time_since_rest":2354,"minecraft:deaths":1,"minecraft:damage_dealt":6,"minecraft:walk_on_water_one_cm":42,"minecraft:sprint_one_cm":28462,"minecraft:play_time":8295,"minecraft:damage_taken":270,"minecraft:time_since_death":2322,"minecraft:walk_one_cm":33468,"minecraft:total_world_time":8295,"minecraft:fall_one_cm":7194,"minecraft:fly_one_cm":29843},"minecraft:used":{"minecraft:oak_planks":2,"minecraft:dirt":2},"minecraft:picked_up":{"minecraft:oak_log":5,"minecraft:dirt":2}},"DataVersion":3465}