{"stats":{"minecraft:crafted":{"minecraft:oak_planks":20},"minecraft:mined":{"minecraft:grass_block":2,"minecraft:oak_log":5,"minecraft:dirt":1,"minecraft:oak_planks":1,"minecraft:oak_leaves":9,"minecraft:lever":1},"minecraft:custom":{"minecraft:time_since_rest":5407,"minecraft:crouch_one_cm":1484,"minecraft:walk_one_cm":73556,"minecraft:play_time":17247,"minecraft:sprint_one_cm":52379,"minecraft:damage_taken":550,"minecraft:deaths":2,"minecraft:sneak_time":405,"minecraft:jump":441,"minecraft:damage_dealt":6,"minecraft:leave_game":1,"minecraft:time_since_death":5384,"minecraft:walk_on_water_one_cm":42,"minecraft:total_world_time":17247,"minecraft:fall_one_cm":13410,"minecraft:fly_one_cm":71652},"minecraft:killed_by":{"minecraft:player":1},"minecraft:used":{"minecraft:dirt":2,"minecraft:oak_planks":21},"minecraft:picked_up":{"minecraft:oak_log":5,"minecraft:oak_planks":1,"minecraft:dirt":2}},"DataVersion":3465}