{"stats":{"minecraft:custom":{"minecraft:time_since_rest":124485,"minecraft:damage_taken":513,"minecraft:sprint_one_cm":103768,"minecraft:walk_one_cm":142957,"minecraft:mob_kills":1,"minecraft:drop":5,"minecraft:damage_dealt":338,"minecraft:interact_with_crafting_table":2,"minecraft:fly_one_cm":1135128,"minecraft:player_kills":2,"minecraft:crouch_one_cm":890,"minecraft:play_time":132136,"minecraft:deaths":2,"minecraft:sneak_time":2155,"minecraft:walk_under_water_one_cm":3640,"minecraft:jump":920,"minecraft:leave_game":9,"minecraft:walk_on_water_one_cm":2650,"minecraft:time_since_death":124459,"minecraft:total_world_time":132136,"minecraft:fall_one_cm":13495},"minecraft:picked_up":{"minecraft:lilac":2,"minecraft:oak_log":4,"create:schematic":1,"minecraft:lily_of_the_valley":2,"create:creative_motor":2,"create:redstone_link":4,"minecraft:lever":1,"minecraft:poppy":1,"minecraft:oak_sapling":4},"minecraft:used":{"minecraft:deepslate_tiles":99,"minecraft:oak_log":2,"minecraft:stone_brick_slab":30,"minecraft:oak_fence":86,"minecraft:water_bucket":1,"minecraft:lever":10,"create:brass_door":1,"create:wrench":4,"create:gearbox":2,"minecraft:grass_block":176,"create:piston_extension_pole":69,"minecraft:redstone":2,"minecraft:oak_planks":13,"create:sticky_mechanical_piston":18,"create:creative_motor":9,"create:large_water_wheel":1,"minecraft:stone_brick_stairs":12,"minecraft:stone_bricks":325,"minecraft:deepslate_bricks":1,"minecraft:redstone_lamp":1,"minecraft:torch":36,"minecraft:diamond_sword":3,"minecraft:wooden_sword":12,"minecraft:dirt":56,"create:shaft":10,"minecraft:crafting_table":1,"create:cogwheel":2,"minecraft:stripped_oak_wood":389,"minecraft:bucket":1,"create:clutch":2,"create:vertical_gearbox":4,"minecraft:cobbled_deepslate":1,"create:redstone_link":12,"minecraft:granite":29,"create:gearshift":1},"minecraft:killed_by":{"minecraft:player":1,"minecraft:skeleton":1},"minecraft:dropped":{"minecraft:poppy":1,"create:super_glue":1,"minecraft:oak_log":1,"minecraft:grass_block":1,"create:schematic":1},"minecraft:mined":{"minecraft:lilac":2,"minecraft:birch_leaves":1,"minecraft:grass":3,"minecraft:oak_log":4,"minecraft:poppy":1,"minecraft:oak_leaves":3},"minecraft:crafted":{"minecraft:wooden_sword":1,"minecraft:oak_planks":16,"minecraft:crafting_table":1,"minecraft:stick":4}},"DataVersion":3465}