{"stats":{"minecraft:custom":{"minecraft:mob_kills":2,"minecraft:interact_with_crafting_table":2,"minecraft:leave_game":9,"minecraft:time_since_death":196459,"minecraft:time_since_rest":196485,"minecraft:sprint_one_cm":111161,"minecraft:damage_taken":513,"minecraft:walk_one_cm":259156,"minecraft:drop":8,"minecraft:damage_dealt":449,"minecraft:fly_one_cm":1414236,"minecraft:player_kills":2,"minecraft:crouch_one_cm":2998,"minecraft:play_time":204136,"minecraft:deaths":2,"minecraft:sneak_time":4141,"minecraft:walk_under_water_one_cm":3640,"minecraft:jump":1091,"minecraft:walk_on_water_one_cm":2650,"minecraft:total_world_time":204136,"minecraft:fall_one_cm":13495},"minecraft:picked_up":{"minecraft:lilac":2,"minecraft:oak_log":4,"minecraft:string":1,"create:redstone_link":4,"minecraft:poppy":1,"create:schematic":1,"minecraft:lily_of_the_valley":2,"minecraft:spider_eye":1,"create:creative_motor":2,"minecraft:lever":1,"minecraft:oak_sapling":4},"minecraft:killed":{"minecraft:spider":1},"minecraft:used":{"minecraft:oak_fence":86,"create:clipboard":5,"minecraft:dark_oak_stairs":31,"minecraft:water_bucket":1,"create:brass_block":2,"create:brass_door":1,"railways:semaphore":4,"railways:handcar":3,"minecraft:redstone":3,"create:piston_extension_pole":69,"railways:conductor_vent":2,"railways:track_blackstone":81,"minecraft:oak_planks":13,"create:sticky_mechanical_piston":18,"railways:track_blackstone_wide":13,"create:railway_casing":84,"minecraft:deepslate_bricks":1,"minecraft:torch":39,"minecraft:dirt":56,"railways:portable_fuel_interface":2,"create:track_station":2,"minecraft:crafting_table":1,"create:cogwheel":3,"create:depot":5,"minecraft:granite":29,"minecraft:lightning_rod":4,"minecraft:deepslate_tiles":316,"minecraft:oak_log":2,"create:controls":5,"minecraft:stone_brick_slab":51,"minecraft:dark_oak_planks":5,"minecraft:lever":13,"create:display_link":30,"create:wrench":7,"create:gearbox":2,"minecraft:grass_block":176,"create:large_water_wheel":1,"create:creative_motor":10,"minecraft:stone_brick_stairs":44,"minecraft:stone_bricks":531,"minecraft:diamond_sword":3,"minecraft:wooden_sword":12,"minecraft:redstone_lamp":1,"create:shaft":10,"minecraft:stripped_oak_wood":389,"railways:track_blackstone_narrow":12,"minecraft:bucket":1,"create:display_board":8,"create:clutch":2,"create:vertical_gearbox":4,"create:redstone_link":12,"minecraft:cobbled_deepslate":1,"create:gearshift":1},"minecraft:killed_by":{"minecraft:player":1,"minecraft:skeleton":1},"minecraft:dropped":{"create:super_glue":1,"minecraft:oak_log":1,"minecraft:lantern":1,"minecraft:grass_block":1,"create:schematic":1,"minecraft:poppy":1,"minecraft:spider_eye":1,"minecraft:string":1},"minecraft:mined":{"minecraft:poppy":1,"minecraft:lilac":2,"minecraft:birch_leaves":1,"minecraft:grass":3,"minecraft:oak_log":4,"minecraft:oak_leaves":3},"minecraft:crafted":{"minecraft:wooden_sword":1,"minecraft:oak_planks":16,"minecraft:crafting_table":1,"minecraft:stick":4}},"DataVersion":3465}