{"stats":{"minecraft:dropped":{"minecraft:poppy":1},"minecraft:killed_by":{"minecraft:player":1,"minecraft:skeleton":1},"minecraft:used":{"minecraft:lever":3,"minecraft:water_bucket":1,"create:brass_door":1,"minecraft:grass_block":8,"create:piston_extension_pole":4,"minecraft:oak_planks":13,"create:sticky_mechanical_piston":1,"create:creative_motor":3,"create:large_water_wheel":1,"minecraft:stone_bricks":244,"minecraft:wooden_sword":12,"minecraft:redstone_lamp":1,"create:shaft":8,"minecraft:crafting_table":1,"create:cogwheel":2,"minecraft:stripped_oak_wood":373,"minecraft:bucket":1,"create:clutch":1,"create:vertical_gearbox":4,"create:redstone_link":3},"minecraft:picked_up":{"minecraft:lilac":2,"minecraft:oak_log":4,"create:creative_motor":2,"create:redstone_link":2,"minecraft:lever":1,"minecraft:poppy":1},"minecraft:mined":{"minecraft:lilac":2,"minecraft:birch_leaves":1,"minecraft:grass":3,"minecraft:oak_log":4,"minecraft:poppy":1,"minecraft:oak_leaves":3},"minecraft:crafted":{"minecraft:wooden_sword":1,"minecraft:oak_planks":16,"minecraft:crafting_table":1,"minecraft:stick":4},"minecraft:custom":{"minecraft:time_since_rest":29956,"minecraft:sprint_one_cm":49881,"minecraft:damage_taken":513,"minecraft:walk_one_cm":58678,"minecraft:drop":1,"minecraft:damage_dealt":238,"minecraft:interact_with_crafting_table":2,"minecraft:fly_one_cm":142344,"minecraft:player_kills":1,"minecraft:crouch_one_cm":153,"minecraft:play_time":37607,"minecraft:deaths":2,"minecraft:sneak_time":485,"minecraft:jump":320,"minecraft:leave_game":6,"minecraft:walk_on_water_one_cm":477,"minecraft:time_since_death":29930,"minecraft:total_world_time":37607,"minecraft:fall_one_cm":13495}},"DataVersion":3465}