{"stats":{"minecraft:crafted":{"minecraft:wooden_sword":1,"minecraft:oak_planks":16,"minecraft:crafting_table":1,"minecraft:stick":4},"minecraft:dropped":{"minecraft:poppy":1,"create:super_glue":1},"minecraft:mined":{"minecraft:lilac":2,"minecraft:birch_leaves":1,"minecraft:grass":3,"minecraft:oak_log":4,"minecraft:poppy":1,"minecraft:oak_leaves":3},"minecraft:custom":{"minecraft:time_since_rest":76072,"minecraft:damage_taken":513,"minecraft:sprint_one_cm":54182,"minecraft:walk_one_cm":82730,"minecraft:drop":2,"minecraft:damage_dealt":238,"minecraft:interact_with_crafting_table":2,"minecraft:fly_one_cm":348861,"minecraft:player_kills":1,"minecraft:crouch_one_cm":521,"minecraft:play_time":83723,"minecraft:deaths":2,"minecraft:sneak_time":1321,"minecraft:walk_under_water_one_cm":3215,"minecraft:jump":375,"minecraft:leave_game":8,"minecraft:walk_on_water_one_cm":2522,"minecraft:time_since_death":76046,"minecraft:total_world_time":83723,"minecraft:fall_one_cm":13495},"minecraft:killed_by":{"minecraft:player":1,"minecraft:skeleton":1},"minecraft:used":{"minecraft:deepslate_tiles":1,"minecraft:stone_brick_slab":4,"minecraft:oak_fence":86,"minecraft:lever":9,"minecraft:water_bucket":1,"create:brass_door":1,"create:wrench":4,"create:gearbox":2,"minecraft:grass_block":50,"create:piston_extension_pole":69,"minecraft:redstone":2,"minecraft:oak_planks":13,"create:sticky_mechanical_piston":18,"create:creative_motor":9,"create:large_water_wheel":1,"minecraft:stone_bricks":258,"minecraft:deepslate_bricks":1,"minecraft:wooden_sword":12,"minecraft:redstone_lamp":1,"create:shaft":10,"minecraft:crafting_table":1,"create:cogwheel":2,"minecraft:stripped_oak_wood":389,"minecraft:bucket":1,"create:clutch":2,"create:vertical_gearbox":4,"create:redstone_link":10,"minecraft:cobbled_deepslate":1,"minecraft:granite":29,"create:gearshift":1},"minecraft:picked_up":{"minecraft:lilac":2,"minecraft:oak_log":4,"create:creative_motor":2,"create:redstone_link":4,"minecraft:lever":1,"minecraft:poppy":1}},"DataVersion":3465}