{"stats":{"minecraft:dropped":{"create:handheld_worldshaper":1,"minecraft:oak_log":1,"minecraft:lilac":2,"minecraft:birch_sapling":1,"minecraft:oak_sapling":1,"minecraft:wooden_sword":1,"create:goggles":1,"minecraft:dandelion":1},"minecraft:crafted":{"minecraft:wooden_sword":1,"minecraft:oak_planks":8,"minecraft:crafting_table":1,"minecraft:stick":4},"minecraft:mined":{"minecraft:lilac":1,"minecraft:grass":4,"minecraft:grass_block":17,"minecraft:oak_log":5,"minecraft:dirt":1,"minecraft:tall_grass":8,"minecraft:oak_leaves":4},"minecraft:custom":{"minecraft:time_since_rest":93692,"minecraft:sprint_one_cm":80251,"minecraft:damage_taken":308,"minecraft:walk_one_cm":227255,"minecraft:mob_kills":1,"minecraft:interact_with_anvil":1,"minecraft:drop":9,"minecraft:damage_dealt":480,"minecraft:interact_with_crafting_table":1,"minecraft:fly_one_cm":425132,"minecraft:player_kills":1,"minecraft:crouch_one_cm":1328,"minecraft:play_time":95025,"minecraft:deaths":1,"minecraft:sneak_time":1198,"minecraft:walk_under_water_one_cm":13361,"minecraft:jump":668,"minecraft:leave_game":3,"minecraft:walk_on_water_one_cm":7902,"minecraft:time_since_death":93662,"minecraft:total_world_time":95025,"minecraft:fall_one_cm":10270},"minecraft:killed_by":{"minecraft:player":1},"minecraft:used":{"create:wand_of_symmetry":3,"minecraft:deepslate_tiles":46,"minecraft:oak_log":1,"minecraft:oak_fence":41,"minecraft:stone_brick_slab":9,"minecraft:dark_oak_planks":26,"minecraft:netherite_sword":2,"create:netherite_diving_boots":1,"minecraft:netherite_shovel":2,"create:netherite_diving_helmet":1,"minecraft:grass_block":43,"create:piston_extension_pole":7,"minecraft:stone":14,"create:sticky_mechanical_piston":9,"minecraft:sniffer_egg":1,"minecraft:stone_brick_stairs":35,"minecraft:stone_bricks":258,"minecraft:sculk_sensor":1,"minecraft:sniffer_spawn_egg":1,"minecraft:wooden_sword":5,"minecraft:dirt":3,"minecraft:anvil":1,"minecraft:crafting_table":1,"minecraft:stripped_oak_wood":153,"minecraft:axolotl_bucket":8},"minecraft:picked_up":{"minecraft:lilac":2,"minecraft:dandelion":1,"create:handheld_worldshaper":1,"minecraft:oak_log":5,"minecraft:lily_of_the_valley":1,"minecraft:dirt":17,"minecraft:wooden_sword":1,"minecraft:wheat_seeds":3,"create:goggles":1,"minecraft:oak_sapling":2,"minecraft:birch_sapling":1,"create:super_glue":1},"minecraft:killed":{"minecraft:sniffer":1}},"DataVersion":3465}