{"stats":{"minecraft:dropped":{"create:handheld_worldshaper":1,"minecraft:oak_log":1,"minecraft:lilac":2,"minecraft:birch_sapling":1,"minecraft:oak_sapling":1,"minecraft:wooden_sword":1,"create:goggles":1},"minecraft:killed_by":{"minecraft:player":1},"minecraft:used":{"create:wand_of_symmetry":3,"minecraft:oak_log":1,"create:netherite_diving_boots":1,"minecraft:netherite_shovel":2,"create:netherite_diving_helmet":1,"minecraft:grass_block":25,"minecraft:stone_bricks":45,"minecraft:wooden_sword":5,"minecraft:dirt":1,"minecraft:anvil":1,"minecraft:crafting_table":1,"minecraft:stripped_oak_wood":153},"minecraft:picked_up":{"minecraft:lilac":2,"create:handheld_worldshaper":1,"minecraft:oak_log":5,"minecraft:dirt":17,"minecraft:wooden_sword":1,"minecraft:wheat_seeds":3,"create:goggles":1,"minecraft:oak_sapling":2,"minecraft:birch_sapling":1},"minecraft:mined":{"minecraft:lilac":1,"minecraft:grass":4,"minecraft:grass_block":17,"minecraft:oak_log":5,"minecraft:dirt":1,"minecraft:tall_grass":8,"minecraft:oak_leaves":4},"minecraft:crafted":{"minecraft:wooden_sword":1,"minecraft:oak_planks":8,"minecraft:crafting_table":1,"minecraft:stick":4},"minecraft:custom":{"minecraft:time_since_rest":31798,"minecraft:sprint_one_cm":41591,"minecraft:damage_taken":308,"minecraft:walk_one_cm":114669,"minecraft:interact_with_anvil":1,"minecraft:drop":8,"minecraft:damage_dealt":340,"minecraft:interact_with_crafting_table":1,"minecraft:player_kills":1,"minecraft:fly_one_cm":95996,"minecraft:crouch_one_cm":103,"minecraft:play_time":33131,"minecraft:deaths":1,"minecraft:sneak_time":97,"minecraft:walk_under_water_one_cm":13361,"minecraft:jump":358,"minecraft:leave_game":2,"minecraft:time_since_death":31768,"minecraft:walk_on_water_one_cm":2893,"minecraft:total_world_time":33131,"minecraft:fall_one_cm":10270}},"DataVersion":3465}